Model,RMSE,MAPE,SMAPE
XGBoost,10.424607007255393,0.03635192012743789,3.7800222802530272
HistGB,21.92325048904746,0.14638618357184752,13.427896509088658
Prophet,288.08397190128176,0.10326742727186872,9.828403430471338
MA7,347.4506036335881,0.11922483685622612,12.16523071684319
MA30,376.09322623340836,0.10991290009804658,11.59791290494583
Naive,404.08097511180034,0.14172415206796318,13.871350383830928
